{
  "aut": 1.0451687212053295e-05,
  "fpph": 0.0,
  "recall": 0.998,
  "accuracy": 0.999,
  "threshold": 0.5,
  "optimal_threshold": 0.05,
  "optimal_recall": 0.999,
  "optimal_fpph": 0.11206574523720582,
  "n_positive": 2000,
  "n_negative": 32124,
  "validation_hours": 17.85
}
